[{"id":0,"movieId":0,"startTime":"2012-09-20T22:00","endTime":"2012-09-21T00:23","availableSeats":[{"id":1},{"id":2},{"id":3},{"id":4},{"id":5},{"id":6},{"id":7},{"id":8},{"id":9},{"id":10},{"id":11},{"id":12},{"id":13},{"id":14},{"id":15},{"id":16}]},{"id":1,"movieId":1,"startTime":"2023-12-01T21:15","endTime":"2023-12-01T23:19","availableSeats":[{"id":1},{"id":2},{"id":3},{"id":4},{"id":5},{"id":6},{"id":7},{"id":8},{"id":9},{"id":10},{"id":11},{"id":12},{"id":13},{"id":14},{"id":15},{"id":16}]},{"id":2,"movieId":1,"startTime":"2023-12-20T21:15","endTime":"2023-12-20T23:19","availableSeats":[{"id":1},{"id":2},{"id":3},{"id":4},{"id":5},{"id":6},{"id":7},{"id":8},{"id":9},{"id":10},{"id":11},{"id":12},{"id":13},{"id":14},{"id":15},{"id":16}]},{"id":3,"movieId":2,"startTime":"2023-12-25T12:00","endTime":"2023-12-25T13:49","availableSeats":[{"id":1},{"id":2},{"id":3},{"id":4},{"id":5},{"id":6},{"id":7},{"id":8},{"id":9},{"id":10},{"id":11},{"id":12},{"id":13},{"id":14},{"id":15},{"id":16}]},{"id":4,"movieId":0,"startTime":"2024-01-01T18:00","endTime":"2024-01-01T20:23","availableSeats":[{"id":1},{"id":2},{"id":3},{"id":4},{"id":5},{"id":6},{"id":7},{"id":8},{"id":9},{"id":10},{"id":11},{"id":12},{"id":13},{"id":14},{"id":15},{"id":16}]}]